,id,index,period,timestamp,minute,second,type,possession,possession_team,play_pattern,team,player,position,location,duration,match_id,possession_team_id,team_id,player_id,under_pressure,related_events,off_camera
0,7eb1df6c-3fd7-46eb-a263-53b8c778f59a,1812,2,00:08:25.737,53,25,Error,105,West Bromwich Albion,Regular Play,Sunderland,Costel Fane Pantilimon,Goalkeeper,"[6.8, 39.7]",0.0,3754245,27,41,6871,,,
1,1da7957f-49e3-446a-ba81-709fc1cbc6ae,3464,2,00:38:14.608,83,14,Error,161,Arsenal,Regular Play,Aston Villa,Carlos Alberto Sánchez Moreno,Center Defensive Midfield,"[37.7, 46.3]",0.0,3754041,1,59,5685,,,
2,fe401556-cf87-437a-84db-1c64f6b65449,3768,2,00:46:54.230,91,54,Error,179,Arsenal,Regular Play,Aston Villa,Mark Bunn,Goalkeeper,"[3.9, 38.1]",0.0,3754041,1,59,18672,,,
3,3ede5940-253a-4519-bba3-eb5cb8727e91,3296,2,00:37:35.068,82,35,Error,167,AFC Bournemouth,From Throw In,AFC Bournemouth,Simon Francis,Right Center Back,"[47.1, 68.2]",0.0,3754043,28,28,3608,,,
4,d2d4c446-4bd6-4154-afe3-1f64885cc8f4,3907,2,00:46:35.006,91,35,Error,205,Liverpool,From Free Kick,Chelsea,Asmir Begović,Goalkeeper,"[3.8, 39.2]",0.0,3754055,24,33,3339,,,
5,4c3cada4-99ee-4b9a-a232-c8a52264b398,2620,2,00:32:39.636,77,39,Error,152,Sunderland,From Corner,Liverpool,Roberto Firmino Barbosa de Oliveira,Center Attacking Midfield,"[5.0, 51.9]",0.0,3754226,41,24,3535,,,
6,27b1cc2d-5290-401c-82c2-dbb2b9596a89,287,1,00:07:15.220,7,15,Error,17,Stoke City,Regular Play,Stoke City,Jack Butland,Goalkeeper,"[13.0, 36.9]",0.0,3754014,30,30,3537,True,['b180dbfc-f180-4e56-b8a6-febbeca120b5'],
7,3db20655-2aae-44a6-8582-4170be8d934c,649,1,00:18:43.825,18,43,Error,37,Stoke City,From Throw In,Manchester United,Memphis Depay,Left Wing,"[12.9, 18.1]",0.0,3754014,30,39,2988,,,
8,3f0dc876-40be-4843-a27b-37aa064cb3a6,841,1,00:19:32.104,19,32,Error,48,Stoke City,From Keeper,Leicester City,Wes Morgan,Left Center Back,"[29.8, 47.4]",0.0,3754146,30,22,3813,True,['19418da7-833c-48b6-a358-26800a006f92'],
9,cc2b786f-9218-4c74-b4ca-0e59eeadde3d,1536,1,00:40:12.278,40,12,Error,80,Leicester City,From Throw In,Leicester City,Gökhan İnler,Left Defensive Midfield,"[56.7, 29.9]",0.0,3754146,22,22,20230,True,['628bd0ae-b47a-41be-8fb7-03337f49cf05'],
10,87da2e77-a987-45b6-bd17-2b34ac55ded8,1910,1,00:44:43.252,44,43,Error,88,AFC Bournemouth,Regular Play,AFC Bournemouth,Artur Boruc,Goalkeeper,"[16.1, 34.4]",0.0,3754278,28,28,20074,,,
11,9a28c352-d77e-479b-84f5-7e302336600e,2702,2,00:34:40.518,79,40,Error,172,Crystal Palace,From Throw In,Crystal Palace,Scott Dann,Right Center Back,"[26.4, 42.7]",0.0,3753979,31,31,3407,,,
12,b67c444f-bf8c-4eac-b5c8-0e45fb6c1d38,2723,2,00:22:46.005,67,46,Error,125,Arsenal,From Free Kick,Swansea City,Łukasz Fabiański,Goalkeeper,"[6.4, 35.3]",0.0,3753983,1,26,3262,,,
13,329aed6c-bf0d-4b45-a881-467d83ce3baf,1045,1,00:27:52.887,27,52,Error,54,Stoke City,Regular Play,West Bromwich Albion,Gareth McAuley,Right Center Back,"[19.5, 58.9]",0.0,3754007,30,27,3596,,,
14,a0934dbe-8686-414f-9637-5f49e3f95e14,2001,2,00:04:31.157,49,31,Error,105,Manchester United,From Counter,Southampton,Maya Yoshida,Right Back,"[37.0, 74.4]",0.0,3754011,39,25,3300,,,
15,2d2b4eba-305e-4f7b-83fe-10b403c7f038,273,1,00:06:21.220,6,21,Error,21,Newcastle United,From Goal Kick,Watford,Sebastian Prödl,Right Center Back,"[8.9, 38.5]",0.0,3754010,37,23,3309,,,
16,b91d69f4-a171-45ef-8291-6fcc92941c05,1335,1,00:34:36.743,34,36,Error,66,Chelsea,From Free Kick,Sunderland,John O''Shea,Right Center Back,"[9.6, 41.5]",0.0,3754025,33,41,16890,,,
17,54942e89-39dd-47ce-bb39-6ca969abb360,973,1,00:24:42.137,24,42,Error,49,Stoke City,From Corner,Everton,Ross Barkley,Right Center Midfield,"[4.1, 36.3]",0.0,3754056,30,29,4275,,,
18,32d8d2fe-0b06-4425-a642-f1e49ada090f,3268,2,00:43:48.235,88,48,Error,170,Chelsea,From Free Kick,Crystal Palace,James McArthur,Left Defensive Midfield,"[7.3, 39.8]",0.0,3754083,33,31,3464,,,
19,ce2ec6ba-6be0-48d1-8164-69ab389b5608,393,1,00:08:31.173,8,31,Error,15,Manchester City,From Throw In,West Ham United,Aaron Cresswell,Left Back,"[24.4, 38.9]",0.0,3754077,36,40,3062,,,
20,1b66ec18-f15b-4a92-b7b5-9bc3a91b3bb3,108,1,00:02:05.496,2,5,Error,6,Watford,From Corner,Liverpool,Ádám Bogdán,Goalkeeper,"[4.0, 40.7]",0.0,3754051,23,24,9985,,,
21,32d6d2a6-672c-4f3e-b2ae-fd2e9a4fd7df,567,1,00:14:50.164,14,50,Error,37,Watford,Regular Play,Liverpool,Martin Škrtel,Right Center Back,"[13.4, 31.6]",0.0,3754051,23,24,18872,,,
22,0ae28a2c-aecd-4dc5-8f11-2b6ddd5f2dbb,1625,2,00:01:28.521,46,28,Error,106,Liverpool,From Free Kick,Watford,Almen Abdi,Right Midfield,"[10.5, 49.5]",0.0,3754051,24,23,43081,,,
23,e8c4973f-c0e0-4ab7-95ce-b8f9e38b4df5,2931,2,00:25:53.746,70,53,Error,163,Liverpool,Regular Play,Liverpool,Lucas Pezzini Leiva,Right Defensive Midfield,"[57.3, 31.2]",0.0,3754098,24,24,7780,True,['d6c5fb9e-27d7-40b2-b89e-65570b2eedd4'],
24,ae93836d-955b-48c4-a8a4-a7e1946cf605,2976,2,00:39:27.832,84,27,Error,175,Norwich City,Regular Play,Tottenham Hotspur,Kyle Walker,Right Back,"[4.9, 45.6]",0.0,3754057,56,38,3205,,,
25,568dc0c5-e842-4727-a3a4-a439057205e1,678,1,00:20:45.269,20,45,Error,33,Aston Villa,From Goal Kick,Arsenal,Petr Čech,Goalkeeper,"[9.1, 46.4]",0.0,3754117,59,1,3461,,,
26,eafa07bf-c688-4a76-9847-18205c534e2f,2177,2,00:14:18.254,59,18,Error,100,Aston Villa,Regular Play,Arsenal,Aaron Ramsey,Left Center Midfield,"[10.9, 31.7]",0.0,3754117,59,1,3517,,,
27,5bc36365-cbbd-4519-9840-f5217d80b9be,3353,2,00:46:18.756,91,18,Error,161,Arsenal,From Goal Kick,Aston Villa,Joleon Lescott,Left Center Back,"[8.2, 69.2]",0.0,3754117,1,59,20285,,,
28,7f7d4fea-d0fe-4062-a8bc-c91c68638fd1,3118,2,00:43:58.613,88,58,Error,162,Stoke City,From Free Kick,Norwich City,Steven Whittaker,Right Back,"[6.6, 35.8]",0.0,3754104,30,56,11124,,,
29,be58f42c-e2b0-4821-a45a-fd28e89c7fa5,1286,1,00:33:19.570,33,19,Error,78,Chelsea,Regular Play,Aston Villa,Joleon Lescott,Left Center Back,"[35.5, 25.0]",0.0,3754115,33,59,20285,,,
30,bf721153-73c7-47f6-a9f7-07f405e0c556,2579,2,00:34:14.917,79,14,Error,182,Tottenham Hotspur,From Corner,Sunderland,Yann Gérard M''Vila,Right Center Midfield,"[7.9, 45.5]",0.0,3754148,38,41,4429,,,
31,cb2a2ba7-ca2e-4941-a893-14c4542faeb9,1026,1,00:26:59.276,26,59,Error,65,Manchester United,From Free Kick,Watford,Allan Romeo Nyom,Right Back,"[15.4, 32.3]",0.0,3754185,39,23,3991,,,
32,63604b70-fe6b-4374-a8fa-79695433ce19,617,1,00:17:14.345,17,14,Error,35,AFC Bournemouth,From Goal Kick,AFC Bournemouth,Junior Stanislas,Left Midfield,"[43.0, 32.4]",0.0,3754162,28,28,3463,,,
33,3109aad5-4397-4931-99ea-a96c8ab5cbea,2020,2,00:10:57.006,55,57,Error,124,Manchester United,From Goal Kick,AFC Bournemouth,Steve Cook,Left Center Back,"[6.2, 34.5]",0.0,3754162,39,28,3341,,,
34,5be28186-c1cc-415c-8894-8ac04c94365f,2161,2,00:15:13.228,60,13,Error,133,Manchester United,From Corner,AFC Bournemouth,Dan Gosling,Left Center Midfield,"[5.7, 42.8]",0.0,3754162,39,28,3343,,,
35,d45c1030-1cb6-43e9-bc5f-517a86cf55de,3468,2,00:42:00.881,87,0,Error,149,Manchester City,From Throw In,Norwich City,John Ruddy,Goalkeeper,"[10.2, 35.6]",0.0,3754167,36,56,23635,,,
36,55183330-6e63-47a7-a8d6-339256875914,2776,2,00:41:16.049,86,16,Error,153,Norwich City,From Goal Kick,Aston Villa,Alan Hutton,Right Back,"[42.8, 29.6]",0.0,3754130,56,59,9642,,,
37,ec6aeddb-0720-4c33-bdf6-e39fd27741b5,831,1,00:21:45.792,21,45,Error,50,Everton,From Corner,AFC Bournemouth,Simon Francis,Right Back,"[4.2, 57.6]",0.0,3754157,29,28,3608,,,
38,a25c17d6-5f2f-4b59-be5c-5b8268ee0c58,2913,2,00:38:53.084,83,53,Error,169,Sunderland,From Throw In,Stoke City,Erik Pieters,Left Back,"[33.6, 7.5]",0.0,3754150,41,30,3467,,,
39,e75c9dd2-0ee9-4579-9408-087fd93455b4,2235,2,00:14:08.897,59,8,Error,120,Arsenal,From Throw In,Chelsea,Kurt Happy Zouma,Right Center Back,"[11.5, 36.5]",0.0,3754217,1,33,3456,,,
40,9acd826b-204b-45c9-9579-82ff19853c55,2666,2,00:20:14.905,65,14,Error,128,Swansea City,Regular Play,Manchester United,Sergio Germán Romero,Goalkeeper,"[2.4, 34.4]",0.0,3754221,26,39,4892,,,
41,76e48f5b-13ca-4d3a-b9ad-f6a1dbf1f3e0,1813,1,00:46:59.798,46,59,Error,93,Manchester City,From Counter,AFC Bournemouth,Adam Federici,Goalkeeper,"[25.7, 35.1]",0.0,3754193,36,28,24888,,,
42,3b042704-0e63-40f3-8c80-54a1ba8be2ec,3084,2,00:39:18.329,84,18,Error,202,Liverpool,Regular Play,Aston Villa,Jordan Veretout,Right Center Midfield,"[45.3, 71.1]",0.0,3754212,24,59,7153,,,True
43,c34c8c4e-b88d-46ae-8527-91b3728ec94e,73,1,00:00:58.139,0,58,Error,4,Crystal Palace,From Throw In,Manchester United,Matteo Darmian,Right Back,"[16.1, 57.4]",0.0,3754223,31,39,4587,,,
44,6c5714ba-4ebe-45c8-a796-596487a9fe6d,2038,2,00:04:31.791,49,31,Error,112,Tottenham Hotspur,From Free Kick,Manchester City,Wilfredo Daniel Caballero,Goalkeeper,"[4.6, 33.7]",0.0,3754197,38,36,3659,,,
45,359bc379-35b0-4c41-af03-69cb010296fc,2845,2,00:18:28.051,63,28,Error,131,Manchester City,Regular Play,Liverpool,James Philip Milner,Right Center Midfield,"[42.1, 60.9]",0.0,3754208,36,24,3473,,,
46,6b9b4999-368b-48c8-8f74-5744a5abcd96,1555,1,00:42:45.632,42,45,Error,76,West Ham United,From Throw In,West Ham United,Dimitri Payet,Left Wing,"[77.3, 68.6]",0.0,3754194,40,40,3491,True,['1b6597b7-9613-4f32-8b5b-f0bdbd4826e3'],
47,7daba714-4a0d-47c2-8120-946ac13f7c62,2353,2,00:17:10.975,62,10,Error,138,Manchester City,Regular Play,Everton,Guangtai Jiang,Left Back,"[26.5, 9.6]",0.0,3754233,36,29,42946,,,
48,e8dc4e6e-ee06-440c-9254-736cc4482dd9,429,1,00:11:21.268,11,21,Error,16,Tottenham Hotspur,From Goal Kick,Tottenham Hotspur,Hugo Lloris,Goalkeeper,"[6.2, 29.6]",0.0,3754270,38,38,3099,,,
49,24565bc0-fa89-4f97-920a-69f4bb8ad05a,2228,2,00:20:24.433,65,24,Error,136,Leicester City,From Free Kick,Sunderland,Younes Kaboul,Left Center Back,"[12.4, 42.9]",0.0,3754237,22,41,4746,,,
50,819ff09c-d177-4f55-852e-4f92afc2d2bc,46,1,00:00:46.809,0,46,Error,4,AFC Bournemouth,Regular Play,Tottenham Hotspur,Danny Rose,Left Back,"[9.0, 28.4]",0.0,3754234,28,38,3594,,,
51,37f4fc99-3e6c-4d07-9d3c-77890d924f8b,998,1,00:28:59.463,28,59,Error,63,Tottenham Hotspur,Regular Play,AFC Bournemouth,Artur Boruc,Goalkeeper,"[2.6, 40.9]",0.0,3754234,38,28,20074,,,
52,5c969919-5608-4750-8b38-d5a8e9b2ef53,2371,2,00:17:51.487,62,51,Error,130,Tottenham Hotspur,From Corner,AFC Bournemouth,Artur Boruc,Goalkeeper,"[3.5, 39.1]",0.0,3754234,38,28,20074,,,
53,4a3a4ad6-dc73-4ea7-bda9-4d30e2ffe517,1361,1,00:38:04.434,38,4,Error,68,Watford,From Free Kick,West Ham United,Andy Carroll,Center Forward,"[2.3, 54.1]",0.0,3754273,23,40,4271,,,
54,258dee53-8b37-4c83-9d01-56ccb6d4c07d,1685,2,00:02:00.753,47,0,Error,92,Watford,From Throw In,West Ham United,James Tomkins,Right Center Back,"[14.6, 47.0]",0.0,3754273,23,40,3316,,,
55,fc25cb48-7350-4eba-9e19-857f0d1045b3,2319,2,00:23:25.473,68,25,Error,131,West Ham United,Regular Play,Watford,Craig Cathcart,Right Center Back,"[13.3, 33.9]",0.0,3754273,40,23,3263,,,
56,1d8dcb6c-1b32-453e-8756-f67a0404d479,2303,2,00:12:00.811,57,0,Error,118,Tottenham Hotspur,From Goal Kick,Everton,Gareth Barry,Left Defensive Midfield,"[9.5, 30.8]",0.0,3754268,38,29,3633,,,
57,ccd8fa1a-9108-46f5-be15-5651d7a6bbc4,2001,2,00:03:11.855,48,11,Error,91,Aston Villa,From Throw In,Everton,José Ramiro Funes Mori,Left Center Back,"[32.9, 37.9]",0.0,3754283,59,29,4629,,,
58,b4cd6315-a81b-431f-8fcb-fc5317247884,2019,2,00:15:49.995,60,49,Error,119,West Bromwich Albion,Regular Play,West Ham United,Cheikhou Kouyaté,Right Center Midfield,"[10.0, 47.0]",0.0,3754235,27,40,3684,,,
59,58623522-a265-4ce5-a040-962bf2517c96,373,1,00:08:23.182,8,23,Error,15,Swansea City,From Throw In,West Bromwich Albion,Glyn Oliver Myhill,Goalkeeper,"[1.8, 37.2]",0.0,3754279,26,27,5108,,,
60,a18d089d-ece6-4785-9729-8c619a1b2513,3074,2,00:47:26.704,92,26,Error,226,Newcastle United,From Goal Kick,Tottenham Hotspur,Hugo Lloris,Goalkeeper,"[1.6, 36.9]",0.0,3754276,37,38,3099,,,
61,0be30b01-d5bf-4ab9-a709-6e8506ac93b4,1055,1,00:25:33.229,25,33,Error,61,Swansea City,From Corner,Swansea City,Àngel Rangel Zaragoza,Right Back,"[55.7, 51.5]",0.0,3754259,26,26,3973,,,
62,f1233183-322a-4fca-b929-70127b5dead3,1254,1,00:33:24.139,33,24,Error,80,West Ham United,From Free Kick,Swansea City,Łukasz Fabiański,Goalkeeper,"[7.1, 44.2]",0.0,3754259,40,26,3262,,,
63,262ea6e2-491d-4b08-a493-e9a3af5b844b,2430,2,00:14:36.442,59,36,Error,132,Swansea City,From Free Kick,West Ham United,Cheikhou Kouyaté,Right Center Midfield,"[12.7, 43.8]",0.0,3754259,26,40,3684,,,
64,01701a50-492b-4248-80fe-fcb2abeec38f,2962,2,00:31:30.590,76,30,Error,157,West Ham United,From Corner,Swansea City,Kyle Naughton,Right Back,"[7.7, 51.1]",0.0,3754259,40,26,3340,,,
65,86ad9f00-a740-4b7d-b19d-e42daa5c814a,579,1,00:17:20.851,17,20,Error,31,Everton,From Throw In,Everton,Gareth Barry,Left Defensive Midfield,"[35.2, 44.9]",0.0,3754298,29,29,3633,,,
66,3d99908f-a9f1-462f-99a4-2e5b007e34f8,2065,2,00:06:27.158,51,27,Error,93,Manchester United,Regular Play,West Bromwich Albion,Chris Brunt,Left Back,"[14.5, 47.8]",0.0,3754297,39,27,3541,,,
67,10fb00e8-723d-48cf-ad8c-dda2a6b36cf5,2055,2,00:08:21.328,53,21,Error,98,West Bromwich Albion,From Goal Kick,Arsenal,Per Mertesacker,Right Center Back,"[20.0, 57.0]",0.0,3754301,27,1,3475,,,
68,2744d121-9647-4de9-a571-c78cc3605506,263,1,00:08:22.210,8,22,Error,20,West Ham United,From Throw In,West Ham United,Mark Noble,Right Center Midfield,"[36.4, 49.1]",0.0,3754323,40,40,3874,,,
69,0dc25c9a-b8b1-455e-8447-8653c020c350,3122,2,00:44:48.212,89,48,Error,176,West Ham United,From Throw In,Norwich City,Russell Martin,Right Center Back,"[3.5, 40.8]",0.0,3754323,40,56,21212,,,
70,173532f5-5df9-4250-b209-78e461794941,599,1,00:16:19.191,16,19,Error,42,Crystal Palace,Regular Play,Newcastle United,Fabricio Coloccini,Left Center Back,"[10.9, 39.1]",0.0,3754304,31,37,26207,,,
71,64b0d8ce-7205-4bed-b1d5-3da69ea69d20,1946,2,00:08:21.462,53,21,Error,119,Crystal Palace,From Corner,Newcastle United,Jamaal Lascelles,Left Center Back,"[11.8, 37.5]",0.0,3754304,31,37,3081,,,
72,6ea42245-d3fb-4d70-ae4f-b10b5591169d,2592,2,00:26:34.860,71,34,Error,155,Newcastle United,Regular Play,Crystal Palace,Joel Ward,Right Back,"[12.7, 46.1]",0.0,3754304,37,31,3443,,,
73,b906e34b-8c42-4d72-b1e4-1469047833d2,2977,2,00:35:28.175,80,28,Error,184,Tottenham Hotspur,From Throw In,West Ham United,Aaron Cresswell,Left Back,"[23.8, 26.9]",0.0,3754109,38,40,3062,,,
74,2080962d-2df1-4edf-88d8-59ab450bcc31,3235,2,00:41:08.124,86,8,Error,202,West Ham United,Regular Play,Tottenham Hotspur,Kyle Walker,Right Back,"[28.1, 50.0]",0.0,3754109,40,38,3205,,,
75,da6c83b4-0ad1-4c71-a5ed-18e20a9f293c,2923,2,00:30:43.681,75,43,Error,154,Arsenal,From Throw In,Stoke City,Geoff Cameron,Right Center Back,"[14.7, 43.5]",0.0,3754240,1,30,3480,,,
76,b42599f1-a492-4b24-bd52-ff4de791c580,1343,1,00:34:25.744,34,25,Error,86,Southampton,From Free Kick,Stoke City,Jack Butland,Goalkeeper,"[5.1, 32.9]",0.0,3754247,25,30,3537,True,['ba8d0a87-a2bd-4c2f-bf90-46bf548d4b53'],
77,949366af-4fc5-4471-9ae4-f0f175d73a3b,518,1,00:14:17.553,14,17,Error,29,Leicester City,Regular Play,Watford,Craig Cathcart,Right Center Back,"[12.3, 24.8]",0.0,3754156,22,23,3263,,,
78,214f769c-7a26-4563-a2d8-98a95ebe28cb,416,1,00:06:41.833,6,41,Error,15,Manchester United,Regular Play,Liverpool,Simon Mignolet,Goalkeeper,"[11.5, 30.6]",0.0,3754003,39,24,3539,,,
79,5c871194-36f4-4ed5-b4f0-1d7ba181be44,400,1,00:10:32.395,10,32,Error,28,AFC Bournemouth,From Throw In,West Ham United,Aaron Cresswell,Left Back,"[5.4, 16.6]",0.0,3754131,28,40,3062,,,
80,e9c24b5c-e181-4e5a-ac0a-65f218b3d7a7,975,1,00:27:28.863,27,28,Error,64,AFC Bournemouth,Regular Play,West Ham United,Aaron Cresswell,Left Back,"[19.9, 37.4]",0.0,3754131,28,40,3062,,,
81,d68eb4dc-b46c-4bbb-b7f4-bfaa53ad5ef5,1411,1,00:40:41.233,40,41,Error,90,West Ham United,Regular Play,AFC Bournemouth,Artur Boruc,Goalkeeper,"[4.2, 27.1]",0.0,3754131,40,28,20074,,,
82,5e023fff-23b8-484f-be6a-b6909ddc2824,3185,2,00:49:55.309,94,55,Error,187,West Ham United,From Throw In,West Ham United,Darren Randolph,Goalkeeper,"[6.3, 45.2]",0.0,3754131,40,40,20066,,,
83,39abe2d7-5fb1-4cf3-a4ea-77c4e781510e,3381,2,00:43:18.012,88,18,Error,186,Everton,From Throw In,Watford,Allan Romeo Nyom,Right Back,"[15.6, 58.3]",0.0,3754300,29,23,3991,,,
84,3a490e55-a322-440d-afac-530d4ce88bb7,2752,2,00:41:50.651,86,50,Error,192,Crystal Palace,Regular Play,Aston Villa,Jordan Amavi,Left Back,"[32.5, 13.2]",0.0,3754190,31,59,4347,,,
85,4128e664-b0c5-486a-b28c-6f0eb5d1a636,1987,2,00:15:04.254,60,4,Error,133,Leicester City,From Counter,Tottenham Hotspur,Kyle Walker,Right Back,"[12.1, 60.2]",0.0,3754065,22,38,3205,,,
86,659cd367-a53e-4c8f-bb7f-2dec1543cd5b,709,1,00:16:11.800,16,11,Error,33,West Ham United,From Free Kick,Chelsea,John Michael Nchekwube Obinna,Left Defensive Midfield,"[26.9, 45.3]",0.0,3753973,40,33,5475,,,
87,f4550f49-3aa8-4f21-9526-8c31cdba878a,1585,1,00:40:44.357,40,44,Error,91,Stoke City,From Free Kick,Watford,Mario Suárez Mata,Left Defensive Midfield,"[20.6, 22.9]",0.0,3753977,30,23,23488,,,
88,48ac9a4d-aed0-4dff-93b8-f320483c5c84,2968,2,00:31:33.124,76,33,Error,177,Stoke City,From Counter,Watford,Craig Cathcart,Right Center Back,"[12.1, 51.2]",0.0,3753977,30,23,3263,,,
89,3e35418f-000c-4d69-bec7-472945637a6b,1434,1,00:36:00.547,36,0,Error,62,Sunderland,Regular Play,Arsenal,Héctor Bellerín Moruno,Right Back,"[13.4, 43.5]",0.0,3753990,41,1,3511,,,
90,4b0f8383-76f7-42a3-b222-5b92f809f5bd,3444,2,00:45:39.715,90,39,Error,173,Sunderland,From Corner,Arsenal,Daniel Nii Tackie Mensah Welbeck,Center Forward,"[5.4, 33.2]",0.0,3753990,41,1,3569,,,
91,1d2beb29-155b-4068-9843-68d8cd42cb77,1592,1,00:42:35.103,42,35,Error,85,Southampton,Regular Play,Crystal Palace,Julián Speroni,Goalkeeper,"[9.0, 37.8]",0.0,3753994,25,31,3487,,,
92,ed8d5f2e-2a72-4261-9013-2aaa566240c4,473,1,00:10:15.781,10,15,Error,31,Norwich City,From Kick Off,AFC Bournemouth,Charlie Daniels,Left Back,"[21.9, 25.9]",0.0,3754004,56,28,3345,,,
93,1bda72a1-4f08-41f7-a73a-37d0d69a0e2e,2635,2,00:26:34.205,71,34,Error,157,Norwich City,Regular Play,AFC Bournemouth,Harry Arter,Left Center Midfield,"[55.8, 55.1]",0.0,3754004,56,28,3304,,,
94,197b75fa-0f56-45d4-986a-1c4bf85e109e,1708,1,00:41:49.485,41,49,Error,69,Southampton,From Goal Kick,Chelsea,Abdul Rahman Baba,Left Back,"[32.2, 29.1]",0.0,3754012,25,33,12325,,,
95,eb56f10b-69e5-4ba0-bbe6-e0639a2049c3,478,1,00:12:34.749,12,34,Error,24,Newcastle United,From Goal Kick,Newcastle United,Steven Taylor,Right Center Back,"[34.5, 72.7]",0.0,3754016,37,37,3722,,,
96,2fc76774-a544-48fb-a794-79c5e153cf0e,1344,1,00:29:44.599,29,44,Error,70,Liverpool,Regular Play,Liverpool,Pedro Chirivella Burgos,Right Center Midfield,"[56.9, 48.0]",0.0,3754018,24,24,8485,True,['5774e496-01fd-4910-9bf8-6552af273a96'],
97,b81c2b13-9376-48b7-9a98-fcdd88350ef4,2924,2,00:21:36.116,66,36,Error,144,Swansea City,Regular Play,Liverpool,Oluwaseyi Babajide Ojo,Right Midfield,"[13.6, 35.4]",0.0,3754018,26,24,13200,,,
98,cb5094d7-90bc-483e-9e1d-92e610a394e1,12,1,00:00:12.132,0,12,Error,2,West Ham United,From Kick Off,AFC Bournemouth,Simon Francis,Right Center Back,"[22.6, 56.3]",0.0,3754021,40,28,3608,,,
99,a401a040-b6bf-4a9e-8daf-f208b096f041,990,1,00:40:29.095,40,29,Error,80,Norwich City,From Throw In,Crystal Palace,Yohan Cabaye,Left Center Midfield,"[5.2, 44.6]",0.0,3754022,56,31,3277,,,
100,11f35ce8-3868-4307-850e-369d0193a150,2537,2,00:25:03.225,70,3,Error,158,Swansea City,From Free Kick,Newcastle United,Chancel Mbemba Mangulu,Right Center Back,"[11.0, 38.2]",0.0,3754024,26,37,3044,,,
101,242727d4-6a8a-4a03-94b3-e0a159b5f629,1718,1,00:45:22.206,45,22,Error,87,Watford,Regular Play,Watford,Miguel Ángel Britos Cabrera,Left Center Back,"[15.4, 56.0]",0.0,3754030,23,23,3288,,,
102,d691dac9-e23a-44f8-a2ab-fe754b6138bf,623,1,00:17:59.817,17,59,Error,30,Sunderland,From Throw In,Manchester United,Michael Carrick,Left Defensive Midfield,"[15.0, 31.1]",0.0,3754031,41,39,4751,,,
103,2832fba2-2f3c-4c1f-afbb-9c83849c4a1b,1084,1,00:27:38.188,27,38,Error,57,Norwich City,From Throw In,Stoke City,Jack Butland,Goalkeeper,"[4.4, 8.6]",0.0,3754032,56,30,3537,,,
104,8259b414-c6d1-4cfb-8d05-3092bc89cb59,3496,2,00:43:39.426,88,39,Error,154,Stoke City,Regular Play,Norwich City,Sébastien Aymar Bassong Nguena,Left Center Back,"[11.4, 30.5]",0.0,3754032,30,56,31296,,,
105,b1e5a319-b7e4-42dd-9465-f4dd2890f5d2,3226,2,00:39:18.561,84,18,Error,188,Stoke City,Regular Play,Chelsea,Thibaut Courtois,Goalkeeper,"[5.6, 37.2]",0.0,3754061,30,33,3509,,,
106,a44395f7-5d92-4ad7-8c19-4906457a4ad9,150,1,00:02:46.031,2,46,Error,10,Sunderland,Regular Play,Swansea City,Łukasz Fabiański,Goalkeeper,"[29.4, 22.3]",0.0,3754071,41,26,3262,,,
107,0aa98513-fef2-4fa3-bc8c-15cd8e2107c0,1416,1,00:34:13.758,34,13,Error,77,Watford,From Goal Kick,Tottenham Hotspur,Hugo Lloris,Goalkeeper,"[19.0, 24.6]",0.0,3754080,23,38,3099,,,
108,d6e6ed13-0733-427b-ae0e-28c655bfed92,1785,2,00:00:08.770,45,8,Error,112,West Ham United,From Kick Off,Watford,José Holebas,Left Back,"[10.6, 25.9]",0.0,3754086,40,23,3725,,,
109,0ffe6cbf-5d64-49f5-9c99-989ba69ed1b8,904,1,00:20:09.871,20,9,Error,45,Liverpool,Regular Play,Tottenham Hotspur,Heung-Min Son,Right Wing,"[11.4, 50.4]",0.0,3754087,24,38,3083,,,
110,27f7fa5b-0ea0-4534-8c64-7418778230aa,1375,1,00:39:12.227,39,12,Error,81,Tottenham Hotspur,Regular Play,Chelsea,John Terry,Left Center Back,"[7.8, 41.6]",0.0,3754092,38,33,20287,,,
111,85aba2e3-f72a-4d5a-b939-ed95fa777fc1,430,1,00:09:57.302,9,57,Error,16,Norwich City,From Goal Kick,Southampton,José Miguel da Rocha Fonte,Right Center Back,"[26.6, 24.3]",0.0,3754101,56,25,3960,,,
112,3d0e9aa5-6558-47e8-bf87-104bc91c7b85,2816,2,00:23:59.983,68,59,Error,129,Sunderland,From Throw In,Chelsea,John Michael Nchekwube Obinna,Right Defensive Midfield,"[8.7, 33.2]",0.0,3754108,41,33,5475,,,
113,34a3f50e-53f9-402d-83ee-87714fabac89,3012,2,00:35:03.654,80,3,Error,158,Manchester City,Regular Play,West Ham United,Aaron Cresswell,Left Back,"[14.1, 26.9]",0.0,3754110,36,40,3062,,,
114,1476cbdb-3567-4666-95db-a16e3e2f93fc,1554,1,00:36:09.283,36,9,Error,86,Swansea City,From Free Kick,Chelsea,Asmir Begović,Goalkeeper,"[15.9, 20.0]",0.0,3754116,26,33,3339,,,
115,c63db5d3-ac55-4ad3-83e6-ac397263ce24,2190,2,00:17:56.317,62,56,Error,106,Southampton,From Counter,West Ham United,James Collins,Center Back,"[22.8, 35.2]",0.0,3754120,25,40,3482,,,
116,dc69df9f-8aac-4d03-b4e4-712090e8fe21,3021,2,00:44:52.673,89,52,Error,148,West Ham United,Regular Play,Southampton,Cédric Ricardo Alves Soares,Right Wing Back,"[9.6, 49.4]",0.0,3754120,40,25,3329,,,
117,7479b175-1f48-4147-82ad-fc3743093293,1602,1,00:41:02.759,41,2,Error,74,Stoke City,Regular Play,Stoke City,Philipp Wollscheid,Right Center Back,"[44.6, 66.0]",0.0,3754127,30,30,40121,,,
118,7f3d7517-74b3-4667-b8b2-2df12ce8bc97,3242,2,00:33:04.778,78,4,Error,164,Everton,From Free Kick,Tottenham Hotspur,Tom Carroll,Left Defensive Midfield,"[16.4, 54.8]",0.0,3754140,29,38,3310,,,
119,48373da1-a77f-4beb-9f32-9b13d9bdd3e5,282,1,00:04:58.163,4,58,Error,18,Manchester City,From Throw In,Swansea City,Kristoffer Nordfeldt,Goalkeeper,"[1.9, 45.2]",0.0,3754149,36,26,9563,,,
120,0559281e-96ed-4cf7-83c9-fd09723784d2,1484,1,00:28:51.599,28,51,Error,73,Manchester City,Regular Play,Swansea City,Jefferson Antonio Montero Vite,Left Wing,"[28.3, 34.4]",0.0,3754149,36,26,7063,,,
121,694568d7-c791-4642-aae3-37f956e852ae,2399,2,00:06:01.706,51,1,Error,117,Manchester City,From Throw In,Swansea City,Kristoffer Nordfeldt,Goalkeeper,"[0.9, 34.7]",0.0,3754149,36,26,9563,,,
122,f15ab2cc-bd2a-4f04-b4c5-53db312c9dc3,2866,2,00:17:28.183,62,28,Error,139,Manchester City,Regular Play,Swansea City,Jordi Amat Maas,Left Center Back,"[13.9, 37.8]",0.0,3754149,36,26,6652,,,
123,ea5802e5-84bd-447d-bfd5-f8b3ebbae546,2849,2,00:42:25.065,87,25,Error,192,Norwich City,From Goal Kick,Swansea City,Wayne Routledge,Left Wing,"[8.1, 18.3]",0.0,3754151,56,26,3449,,,
124,e408e9ec-d085-4536-b939-222e55c05184,1619,2,00:01:39.836,46,39,Error,105,Sunderland,From Corner,Leicester City,Danny Drinkwater,Left Defensive Midfield,"[18.2, 46.3]",0.0,3754152,41,22,3662,,,
125,638c3206-7d85-4426-b804-55153a60bf51,1156,1,00:32:36.322,32,36,Error,64,Newcastle United,Regular Play,Liverpool,Alberto Moreno Pérez,Left Back,"[18.1, 4.1]",0.0,3754154,37,24,3515,,,
126,26624b09-b7f2-4d32-a2c1-597f36f07c51,1947,2,00:02:56.175,47,56,Error,103,Newcastle United,From Free Kick,Liverpool,Simon Mignolet,Goalkeeper,"[7.5, 47.3]",0.0,3754154,37,24,3539,,,
127,25936bb9-2adf-4055-a10b-4d078667a2b1,3567,2,00:40:46.823,85,46,Error,148,AFC Bournemouth,From Corner,Manchester United,Cameron Borthwick-Jackson,Left Back,"[14.2, 37.8]",0.0,3754159,28,39,10779,,,
128,3b6221d4-abb0-4428-be9e-ab3cc22e842a,514,1,00:14:31.999,14,31,Error,29,Crystal Palace,From Free Kick,West Ham United,Adrián San Miguel del Castillo,Goalkeeper,"[7.5, 47.9]",0.0,3754176,31,40,3623,,,
129,f0d7b483-a014-4b6a-bc57-7bee871ce8f4,626,1,00:17:25.889,17,25,Error,32,West Ham United,From Corner,Crystal Palace,Scott Dann,Right Center Back,"[13.3, 48.9]",0.0,3754176,40,31,3407,,,
130,b82e7168-1534-4a17-abda-0b99f458ea39,2446,2,00:29:32.127,74,32,Error,150,Crystal Palace,Regular Play,West Ham United,Angelo Obinze Ogbonna,Left Center Back,"[10.3, 35.0]",0.0,3754176,31,40,3843,,,
131,60acbf5d-a741-412b-ac65-0a34be85b7c1,272,1,00:07:53.402,7,53,Error,24,West Bromwich Albion,Regular Play,West Ham United,Michail Antonio,Right Back,"[1.9, 43.1]",0.0,3754192,27,40,3349,,,
132,89902fc9-c57e-42e6-a582-7457faa4fde1,2830,2,00:36:18.384,81,18,Error,167,West Bromwich Albion,From Throw In,West Ham United,Adrián San Miguel del Castillo,Goalkeeper,"[19.8, 21.0]",0.0,3754192,27,40,3623,,,
133,926050e0-e724-4b0a-ba0e-c11f22f044fe,311,1,00:07:12.929,7,12,Error,17,Stoke City,From Throw In,Southampton,Ryan Bertrand,Left Center Back,"[7.6, 36.4]",0.0,3754196,30,25,20045,,,
134,5737e6e7-9acd-4e45-a765-da90597bab67,2277,2,00:08:49.744,53,49,Error,141,Arsenal,From Throw In,Arsenal,Gabriel Armando de Abreu,Right Center Back,"[56.5, 63.0]",0.0,3754201,1,1,6746,,,
135,21998212-c48b-487e-be54-f9e84470b4c8,2150,2,00:06:10.656,51,10,Error,104,Manchester City,Regular Play,Newcastle United,Chancel Mbemba Mangulu,Right Center Back,"[4.8, 36.0]",0.0,3754206,36,37,3044,,,
136,4ebaf490-686b-46df-95f5-e1234d2b0436,3479,2,00:41:36.881,86,36,Error,178,Manchester City,From Corner,Newcastle United,Chancel Mbemba Mangulu,Right Center Back,"[11.7, 35.4]",0.0,3754206,36,37,3044,,,
137,6cca7b0d-b57b-4b92-9bf5-bd7c9f54bd41,3512,2,00:42:35.614,87,35,Error,179,Newcastle United,From Goal Kick,Manchester City,Aleksandar Kolarov,Left Back,"[25.7, 15.3]",0.0,3754206,37,36,5596,,,
138,49346ad7-072f-4d0a-a4a2-78d01314ac14,2801,2,00:31:02.231,76,2,Error,186,Norwich City,From Throw In,Watford,Mario Suárez Mata,Right Defensive Midfield,"[11.8, 37.4]",0.0,3754207,56,23,23488,,,
139,8414f169-4c80-4bb4-a193-7d056cc781be,2580,2,00:20:51.908,65,51,Error,145,Norwich City,Regular Play,Manchester United,Cameron Borthwick-Jackson,Left Back,"[11.9, 27.5]",0.0,3754210,56,39,10779,,,
140,b596a224-0457-4891-ab9d-bc776b9b7d27,2914,2,00:19:35.530,64,35,Error,98,Liverpool,From Free Kick,Aston Villa,Mark Bunn,Goalkeeper,"[7.6, 42.5]",0.0,3754214,24,59,18672,,,
141,7031fb78-793e-4f6a-8af8-6f3b893b393e,2765,2,00:26:32.205,71,32,Error,146,Liverpool,Regular Play,Crystal Palace,Alex McCarthy,Goalkeeper,"[21.6, 51.5]",0.0,3754220,24,31,3619,,,
142,0f633bae-521a-49bd-af7f-deb238c17459,1719,1,00:46:17.364,46,17,Error,92,AFC Bournemouth,From Throw In,West Bromwich Albion,Jonas Olsson,Left Center Back,"[13.9, 34.2]",0.0,3754225,28,27,20527,,,
143,62e3c0e5-e5e2-4e7e-a657-9eb2c7160693,3070,2,00:36:38.469,81,38,Error,162,AFC Bournemouth,From Throw In,West Bromwich Albion,Claudio Ariel Yacob,Right Defensive Midfield,"[9.2, 46.0]",0.0,3754225,28,27,3967,,,
144,24be3360-ab0e-4078-bf23-237c17fb98ab,513,1,00:09:45.101,9,45,Error,23,Swansea City,From Throw In,Swansea City,Ashley Williams,Left Center Back,"[23.1, 50.6]",0.0,3754228,26,26,3644,,,
145,2cb4d16d-0ece-437c-ad03-a7304b9ae06c,3022,2,00:22:03.868,67,3,Error,146,Leicester City,Regular Play,Swansea City,Àngel Rangel Zaragoza,Right Back,"[8.2, 51.5]",0.0,3754228,22,26,3973,,,
146,016b5e9b-d5fb-479a-85b5-8c91e043dca6,3118,2,00:24:24.801,69,24,Error,152,Leicester City,From Free Kick,Swansea City,Federico Fernández,Right Center Back,"[21.0, 27.1]",0.0,3754228,22,26,3290,,,
147,6aba4e25-1524-44e3-8805-fd04b54c75da,3506,2,00:35:09.605,80,9,Error,175,Leicester City,Regular Play,Swansea City,Sung-Yeung Ki,Center Attacking Midfield,"[8.2, 32.3]",0.0,3754228,22,26,3605,True,['71c1d149-4393-4a83-a529-509c206ed6dd'],
148,17a6aff6-9ace-4329-a2a7-ff39ccfbdda3,1328,1,00:36:54.998,36,54,Error,71,Watford,From Throw In,Manchester United,Daley Blind,Left Center Back,"[34.5, 8.7]",0.0,3754232,23,39,3311,,,
149,a10f5a53-f1bb-4518-aa7e-e7c84b2fc6ff,1527,1,00:41:55.316,41,55,Error,79,Watford,From Goal Kick,Manchester United,Guillermo Varela Olivera,Right Back,"[30.4, 54.6]",0.0,3754232,23,39,5264,,,
150,4df0fd65-8f3c-410b-8016-c7edee6a03de,1786,2,00:02:57.244,47,57,Error,97,Crystal Palace,From Goal Kick,West Bromwich Albion,Jonas Olsson,Left Center Back,"[21.0, 51.4]",0.0,3754236,31,27,20527,,,
151,986fa62c-8054-4152-a35d-36ed813ba42a,1090,1,00:28:19.735,28,19,Error,62,Manchester United,From Throw In,Arsenal,Gabriel Armando de Abreu,Right Center Back,"[6.7, 39.5]",0.0,3754239,39,1,6746,,,
152,e723348b-d622-4c1c-bb85-0d8e3c3bf123,671,1,00:19:02.524,19,2,Error,44,Leicester City,From Corner,Leicester City,Robert Huth,Left Center Back,"[43.0, 17.2]",0.0,3754250,22,22,40123,,,
153,63e5ebef-000a-4db0-9d20-af657d7e028d,1005,1,00:25:37.952,25,37,Error,41,Newcastle United,Regular Play,Everton,José Ramiro Funes Mori,Left Center Back,"[10.9, 29.8]",0.0,3754252,37,29,4629,,,
154,a3b3accd-cdf5-4124-91c9-b1f94a443a5b,968,1,00:21:33.508,21,33,Error,41,Manchester City,Regular Play,Crystal Palace,Wayne Hennessey,Goalkeeper,"[2.4, 38.4]",0.0,3754260,36,31,3488,,,
155,bda94423-4cda-440b-88ac-1b7e4b82a428,1030,1,00:23:49.502,23,49,Error,45,Crystal Palace,Regular Play,Manchester City,Joe Hart,Goalkeeper,"[17.2, 43.2]",0.0,3754260,31,36,3291,,,
156,51ff9286-40f6-4181-92a7-ab47c32e1799,1635,1,00:40:05.656,40,5,Error,69,Crystal Palace,Regular Play,Crystal Palace,Scott Dann,Right Center Back,"[14.3, 48.1]",0.0,3754260,31,31,3407,,,
157,36fed630-39bd-4872-9d97-12c5e85fa24a,3188,2,00:28:28.081,73,28,Error,152,Aston Villa,From Throw In,Aston Villa,Ciaran Clark,Left Center Back,"[20.4, 25.4]",0.0,3754262,59,59,3041,,,
158,1e9077e0-9f5f-4d3a-9df5-b389eaf29961,109,1,00:01:39.833,1,39,Error,2,Southampton,From Kick Off,Aston Villa,Joleon Lescott,Left Center Back,"[16.7, 46.0]",0.0,3754282,25,59,20285,,,
159,e988f499-d20e-4665-bc2c-707151a67f61,287,1,00:07:06.609,7,6,Error,12,Aston Villa,From Free Kick,Southampton,José Miguel da Rocha Fonte,Right Center Back,"[12.2, 48.1]",0.0,3754282,59,25,3960,,,
160,be8630cd-d77b-4138-ba55-f1e6c642639d,1552,1,00:38:32.336,38,32,Error,89,Southampton,Regular Play,Aston Villa,Bradley Guzan,Goalkeeper,"[7.7, 30.3]",0.0,3754282,25,59,12608,,,
161,d3eabfb0-899f-4ce7-9343-e61f2348f743,3127,2,00:34:47.500,79,47,Error,167,Southampton,Regular Play,Aston Villa,Bradley Guzan,Goalkeeper,"[4.0, 39.4]",0.0,3754282,25,59,12608,,,
162,c30168ee-1a35-4dbb-9576-8353d81fb49f,3304,2,00:43:10.449,88,10,Error,179,Manchester City,Regular Play,Leicester City,Danny Simpson,Right Back,"[5.0, 45.0]",0.0,3754290,36,22,3270,,,
163,d05d477c-7081-4135-a33b-79b8f6156307,3370,2,00:45:25.463,90,25,Error,183,Manchester City,From Throw In,Leicester City,Wes Morgan,Right Center Back,"[17.8, 42.2]",0.0,3754290,36,22,3813,,,
164,630b274e-8ab2-4ff4-86e9-8bb748a0636e,1182,1,00:33:14.886,33,14,Error,71,AFC Bournemouth,From Corner,Crystal Palace,James McArthur,Left Center Midfield,"[12.0, 34.8]",0.0,3754248,28,31,3464,,,
165,2c4657dc-c56d-4d54-8514-3654d4fe0338,612,1,00:14:45.276,14,45,Error,29,Swansea City,Regular Play,Crystal Palace,Wayne Hennessey,Goalkeeper,"[8.5, 39.1]",0.0,3754303,26,31,3488,,,
166,f575b3d0-a0bb-4333-a542-2f7fd7b11229,2321,2,00:16:42.688,61,42,Error,141,Swansea City,From Throw In,Crystal Palace,Yohan Cabaye,Right Defensive Midfield,"[12.9, 29.1]",0.0,3754303,26,31,3277,,,
167,9fb2445b-2d38-4436-b873-e4b13e9a749d,1047,1,00:26:48.757,26,48,Error,49,Manchester City,Regular Play,Arsenal,Ignacio Monreal Eraso,Left Back,"[11.5, 27.9]",0.0,3754314,36,1,3498,,,
168,fcb44a50-2a6c-41f4-8619-203766454b58,2838,2,00:29:46.532,74,46,Error,160,Arsenal,Regular Play,Tottenham Hotspur,Christian Dannemann Eriksen,Right Wing,"[18.0, 46.1]",0.0,3754318,1,38,3043,,,
169,83c315b9-bc77-412a-817c-401462a08df2,3416,2,00:48:33.954,93,33,Error,193,Tottenham Hotspur,From Throw In,Arsenal,Gabriel Armando de Abreu,Left Center Back,"[14.8, 52.7]",0.0,3754318,38,1,6746,,,
170,f2445310-180a-41e7-8ee7-773b8ed59287,1303,1,00:31:18.080,31,18,Error,61,Swansea City,Regular Play,Manchester United,Morgan Schneiderlin,Right Defensive Midfield,"[9.3, 32.7]",0.0,3754319,26,39,3600,,,
171,422bb74b-27eb-4de7-8636-e9be45e120c1,1781,1,00:43:32.195,43,32,Error,82,Manchester City,From Throw In,Southampton,Rhu-endly Martina,Right Back,"[11.1, 42.8]",0.0,3754320,36,25,3590,,,
172,ec3faecd-73dc-4ac6-8962-0e8d762e00ad,2688,2,00:32:47.082,77,47,Error,177,Sunderland,Regular Play,West Ham United,Samuel Mark Byram,Right Back,"[15.3, 40.2]",0.0,3754331,41,40,3586,,,
173,e263986c-47b2-48fb-962b-d9e621191195,66,1,00:00:58.524,0,58,Error,4,AFC Bournemouth,From Throw In,Southampton,Virgil van Dijk,Right Center Back,"[6.0, 27.8]",0.0,3754334,28,25,3669,,,
174,c89c659b-2c77-4ccf-992f-d697545def28,1968,2,00:03:14.012,48,14,Error,94,West Ham United,From Goal Kick,Newcastle United,Chancel Mbemba Mangulu,Right Center Back,"[26.2, 57.4]",0.0,3754338,40,37,3044,True,['9b1c74d5-3778-47e2-989e-512050c3fada'],
175,a323cf79-b216-401d-8bb5-27cd52f73799,2925,2,00:33:53.102,78,53,Error,153,Watford,Regular Play,Manchester City,Fernando Luiz Rosa,Left Center Back,"[16.2, 37.0]",0.0,3754346,23,36,3054,True,['54c52939-7e64-4853-add4-747a770295ce'],
176,f83637a5-67f6-4df6-9fdd-cfd6661b48a9,2778,2,00:29:04.497,74,4,Error,147,Norwich City,From Keeper,Norwich City,Russell Martin,Right Center Back,"[58.9, 13.2]",0.0,3754348,56,56,21212,,,
177,e1d4c798-41ea-46a0-9869-a65366727ae2,1524,1,00:43:22.277,43,22,Error,97,Liverpool,Regular Play,AFC Bournemouth,Charlie Daniels,Left Back,"[14.0, 32.4]",0.0,3754020,24,28,3345,,,
